,Value,pepsi_1,pepsi_2,pepsi_3,average
0,Mean,822.1312872034015,825.2437749439363,826.7219457397993,824.6990026290456
1,Standard Deviation,2.7529376904763914,7.320269598822239,6.3139344418801375,1.9133076256845325
